[
  {
    "id": 1,
    "name": "White Cat",
    "price": 100,
    "image": "/imgs/1.jpg",
    "description": "Lorem Ipsum is simply dummy text of the printing and typesetting industry. Lorem Ipsum has been the\n          industry's standard dummy text ever since the 1500s, when an unknown printer took a galley of type and scrambled it to make a type specimen book."
  },
  {
    "id": 2,
    "name": "Angry Cat",
    "price": 1000,
    "image": "/imgs/2.jpg",
    "description": "Lorem Ipsum is simply dummy text of the printing and typesetting industry. Lorem Ipsum has been the\n          industry's standard dummy text ever since the 1500s, when an unknown printer took a galley of type and scrambled it to make a type specimen book."
  },
  {
    "id": 3,
    "name": "Bengal cat",
    "price": 2000,
    "image": "/imgs/3.jpg",
    "description": "Lorem Ipsum is simply dummy text of the printing and typesetting industry. Lorem Ipsum has been the\n          industry's standard dummy text ever since the 1500s, when an unknown printer took a galley of type and scrambled it to make a type specimen book."
  },
  {
    "id": 4,
    "name": "Persian cat",
    "price": 150,
    "image": "/imgs/4.webp",
    "description": "Lorem Ipsum is simply dummy text of the printing and typesetting industry. Lorem Ipsum has been the\n          industry's standard dummy text ever since the 1500s, when an unknown printer took a galley of type and scrambled it to make a type specimen book."
  }
]
